股票代號,公司名稱,上市/櫃,今日價格,前9日加總買賣超,當日投信買賣超
1240,茂生農經,1,52.20,0,0
1259,安心,1,63.40,0,0
1264,德麥,1,318.00,0,0
1268,漢來美食,1,154.00,0,0
1294,漢田生技,1,89.90,0,0
1336,台翰,1,23.55,0,0
1565,精華,1,191.00,0,0
1569,濱川,1,56.00,0,0
1570,力肯,1,27.75,0,0
1580,新麥,1,155.50,0,0
1584,精剛,1,27.20,0,0
1586,和勤,1,28.20,0,0
1591,駿吉-KY,1,55.40,0,0
1593,祺驊,1,35.80,0,0
1595,川寶,1,45.25,0,0
1599,宏佳騰,1,29.90,0,0
1742,台蠟,1,17.20,0,0
1777,生泰,1,95.00,0,0
1781,合世,1,17.30,0,0
1784,訊聯,1,86.50,0,0
1785,光洋科,1,60.30,-14,-4
1788,杏昌,1,144.00,0,0
1796,金穎生技,1,45.20,0,0
1799,易威,1,60.80,0,0
1813,寶利徠,1,17.75,0,0
1815,富喬,1,34.50,771,4843
2035,唐榮,1,31.80,0,0
2061,風青,1,17.70,0,0
2063,世鎧,1,36.00,0,0
2064,晉椿,1,15.10,0,0
2065,世豐,1,52.10,0,0
2066,世德,1,93.20,235,0
2067,嘉鋼,1,10.95,0,0
2070,精湛,1,71.50,0,0
2073,雄順,1,27.30,0,0
2221,大甲,1,28.85,0,0
2230,泰茂,1,117.50,0,0
2235,謚源,1,47.55,0,0
2596,綠意,1,40.50,0,0
2640,大車隊,1,128.50,0,0
2641,正德,1,18.15,0,0
2643,捷迅,1,73.80,0,0
2718,全心投控,1,72.90,0,0
2719,燦星旅,1,45.80,0,0
2724,藝舍-KY,1,36.50,0,0
2726,雅茗-KY,1,24.15,0,0
2729,瓦城,1,203.50,0,0
2732,六角,1,97.60,0,0
2734,易飛網,1,27.30,0,0
2736,富野,1,21.40,0,0
2740,天蔥,1,33.75,0,0
2743,山富,1,99.00,0,0
2745,五福,1,108.00,0,0
2751,王座,1,70.70,0,0
2752,豆府,1,235.00,0,0
2754,亞洲藏壽司,1,87.40,0,0
2755,揚秦,1,112.50,0,0
2756,聯發國際,1,73.40,0,0
2916,滿心,1,53.90,0,0
2924,宏太-KY,1,30.40,0,0
2926,誠品生活,1,50.20,0,0
2937,集雅社,1,40.10,0,0
2941,米斯特,1,62.40,0,0
2947,振宇五金,1,91.00,0,0
2948,寶陞,1,49.80,0,0
2949,欣新網,1,82.00,0,0
3064,泰偉,1,69.50,0,0
3066,李洲,1,25.20,0,0
3067,全域,1,27.65,0,0
3071,協禧,1,24.70,0,0
3073,天方能源,1,50.10,0,0
3078,僑威,1,86.50,5044,1
3081,聯亞,1,490.00,908,0
3083,網龍,1,43.20,0,0
3085,新零售,1,24.20,0,0
3086,華義,1,156.00,0,0
3088,艾訊,1,151.00,12,0
3093,港建*,1,26.25,0,0
3095,及成,1,41.00,0,0
3105,穩懋,1,102.00,-10,0
3114,好德,1,25.30,0,0
3115,富榮綱,1,10.60,0,0
3118,進階,1,32.55,0,0
3122,笙泉,1,30.50,0,0
3128,昇銳,1,29.20,0,0
3131,弘塑,1,1315.00,103,-1
3141,晶宏,1,72.90,0,0
3147,大綜,1,179.50,60,0
3152,璟德,1,167.00,-45,-12
3162,精確,1,44.00,0,0
3163,波若威,1,162.50,135,0
3169,亞信,1,109.00,7,0
3171,炎洲流通,1,37.05,0,0
3176,基亞,1,36.20,0,0
3178,公準,1,63.90,0,0
3188,鑫龍騰,1,28.45,0,0
3191,雲嘉南,1,17.65,0,0
3202,樺晟,1,6.00,0,0
3205,佰研,1,32.35,0,0
3206,志豐,1,44.80,0,0
3207,耀勝,1,110.50,0,0
3211,順達,1,182.00,-1707,-183
3213,茂訊,1,96.20,0,0
3217,優群,1,148.50,-1308,-40
3218,大學光,1,218.00,-25,0
3219,倚強科,1,45.40,0,0
3221,台嘉碩,1,23.35,0,0
3224,三顧,1,50.70,0,0
3226,至寶電,1,47.75,0,0
3227,原相,1,265.00,530,-30
3228,金麗科,1,206.00,0,0
3230,錦明,1,55.70,0,0
3232,昱捷,1,26.40,0,0
3234,光環,1,49.50,0,0
3236,千如,1,19.70,0,0
3252,海灣,1,20.50,0,0
3259,鑫創,1,20.00,0,0
3260,威剛,1,76.50,0,0
3264,欣銓,1,76.80,14149,156
3265,台星科,1,110.50,0,0
3268,海德威,1,22.05,0,0
3272,東碩,1,27.85,0,0
3276,宇環,1,15.60,0,0
3284,太普高,1,34.60,0,0
3285,微端,1,26.40,0,0
3287,廣寰科,1,31.60,0,0
3288,點晶,1,21.25,0,0
3289,宜特,1,133.50,0,0
3290,東浦,1,34.35,0,0
3293,鈊象,1,911.00,-947,-137
3294,英濟,1,40.20,0,0
3297,杭特,1,21.95,0,0
3303,岱稜,1,49.70,0,0
3306,鼎天,1,49.40,0,0
3310,佳穎,1,89.50,0,0
3313,斐成,1,15.55,0,0
3317,尼克森,1,46.90,0,0
3322,建舜電,1,18.30,0,0
3323,加百裕,1,35.45,0,0
3324,雙鴻,1,591.00,-1316,-4
3325,旭品,1,19.30,0,0
3332,幸康,1, ---,0,0
3339,泰谷,1,33.35,0,0
3349,寶德,1,22.65,0,0
3354,律勝,1,21.30,0,0
3357,臺慶科,1,120.50,20,36
3360,尚立,1,13.65,0,0
3362,先進光,1,208.50,1,0
3363,上詮,1,335.00,-70,0
3372,典範,1,14.40,0,0
3373,熱映,1,24.40,0,0
3374,精材,1,183.50,-10022,-1435
3379,彬台,1,55.90,0,0
3388,崇越電,1,68.80,0,0
3390,旭軟,1,27.75,0,0
3402,漢科,1,104.50,0,0
3426,台興,1,51.00,0,0
3430,奇鈦科,1,61.90,0,0
3434,哲固,1,29.95,0,0
3438,類比科,1,62.50,0,0
3441,聯一光,1,38.20,0,0
3444,利機,1,75.20,0,0
3455,由田,1,109.00,-18,-8
3465,進泰電子,1,71.00,0,0
3466,德晉,1,55.30,0,0
3479,安勤,1,98.80,-10,105
3483,力致,1,149.00,0,0
3484,崧騰,1,54.10,0,0
3489,森寶,1,25.30,0,0
3490,單井,1,30.45,0,0
3491,昇達科,1,401.50,-213,-1015
3492,長盛,1,25.20,0,0
3498,陽程,1,52.40,0,0
3499,環天科,1,19.55,0,0
3508,位速,1,26.95,0,0
3511,矽瑪,1,33.50,0,0
3512,皇龍,1,32.60,0,0
3516,亞帝歐,1,23.30,0,0
3520,華盈,1,18.55,0,0
3521,鴻翊,1,16.40,0,0
3522,御嵿,1,25.60,0,0
3523,迎輝,1,20.25,0,0
3526,凡甲,1,277.50,23,0
3527,聚積,1,75.70,0,0
3529,力旺,1,3355.00,54,42
3531,先益,1,25.60,0,0
3537,堡達,1,50.50,0,0
3540,曜越,1,38.65,0,0
3541,西柏,1,28.20,0,0
3546,宇峻,1,76.60,0,0
3548,兆利,1,172.00,0,0
3551,世禾,1,126.00,0,0
3552,同致,1,87.90,0,0
3555,博士旺,1,32.95,0,0
3556,禾瑞亞,1,41.15,0,0
3558,神準,1,203.50,-211,0
3564,其陽,1,75.30,0,0
3567,逸昌,1,32.30,0,0
3570,大塚,1,173.50,0,0
3577,泓格,1,60.90,0,0
3580,友威科,1,78.40,0,0
3581,博磊,1,48.40,0,0
3587,閎康,1,240.50,-12,0
3594,磐儀,1,55.90,0,0
3597,映興,1,36.35,0,0
3609,三一東林,1,48.30,0,0
3611,鼎翰,1,211.00,0,0
3615,安可,1,27.35,0,0
3623,富晶通,1,23.15,0,0
3624,光頡,1,40.35,0,0
3625,西勝,1,18.45,0,0
3628,盈正,1,43.80,0,0
3629,地心引力,1,21.80,0,0
3630,新鉅科,1,27.80,0,0
3631,晟楠,1,41.40,0,0
3632,研勤,1,13.20,0,0
3646,艾恩特,1,29.00,0,0
3663,鑫科,1,63.10,0,0
3664,安瑞-KY,1,26.30,0,0
3666,光耀,1,33.90,0,0
3672,康聯訊,1,19.85,0,0
3675,德微,1,206.00,50,0
3680,家登,1,450.00,-859,-30
3684,榮昌,1,46.00,0,0
3685,元創精密,1,14.05,0,0
3687,歐買尬,1,94.10,0,0
3689,湧德,1,95.50,-140,0
3691,碩禾,1,70.70,0,0
3693,營邦,1,341.50,0,0
3707,漢磊,1,45.00,0,0
3709,鑫聯大投控,1,30.55,0,0
3710,連展投控,1,11.95,0,0
3713,新晶投控,1,22.85,0,0
4102,永日,1,30.65,0,0
4105,東洋,1,77.00,-4,-2
4107,邦特,1,124.00,0,0
4109,加捷生醫,1,23.15,0,0
4111,濟生,1,29.20,0,0
4113,聯上,1,26.10,0,0
4114,健喬,1,33.95,0,0
4116,明基醫,1,47.00,0,0
4120,友華,1,51.70,0,0
4121,優盛,1,18.45,0,0
4123,晟德,1,40.80,0,0
4126,太醫,1,93.20,-2,-1
4127,天良,1,39.60,0,0
4128,中天,1,32.20,0,0
4129,聯合,1,95.70,0,0
4130,健亞,1,23.75,0,0
4131,浩泰,1,31.80,0,0
4138,曜亞,1,91.50,0,0
4139,馬光-KY,1,30.40,0,0
4147,中裕,1,90.10,0,0
4153,鈺緯,1,37.40,0,0
4154,樂威科-KY,1,19.60,0,0
4157,太景*-KY,1,11.70,0,0
4160,訊聯基因,1,69.50,0,0
4161,聿新科,1,34.10,0,0
4162,智擎,1,120.50,14,0
4163,鐿鈦,1,111.50,0,0
4167,松瑞藥,1,21.45,0,0
4168,醣聯,1,24.75,0,0
4171,瑞基,1,28.00,0,0
4173,久裕,1,21.70,0,0
4174,浩鼎,1,61.70,0,0
4175,杏一,1,66.40,0,0
4183,福永生技,1,23.40,0,0
4188,安克,1,21.45,0,0
4192,杏國,1,36.20,0,0
4198,欣大健康,1,31.95,0,0
4205,中華食,1,86.00,0,0
4207,環泰,1,16.45,0,0
4303,信立,1,49.60,0,0
4304,勝昱,1,9.88,0,0
4305,世坤,1,43.00,0,0
4401,東隆興,1,20.15,0,0
4402,郡都開發,1,24.00,0,0
4406,新昕纖,1,10.75,0,0
4413,飛寶企業,1,17.45,0,0
4416,三圓,1,77.00,0,0
4417,金洲,1,42.85,0,0
4419,皇家美食,1,48.85,0,0
4420,光明,1,56.70,0,0
4430,耀億,1,22.60,0,0
4432,銘旺實,1,22.45,0,0
4433,興采,1,28.20,0,0
4442,竣邦-KY,1,47.95,0,0
4502,健信,1,19.10,0,0
4503,金雨,1,57.00,0,0
4506,崇友,1,103.00,0,0
4510,高鋒,1,43.50,0,0
4513,福裕,1,30.60,0,0
4523,永彰,1,33.35,0,0
4527,方土霖,1,50.30,0,0
4528,江興鍛,1,21.35,0,0
4529,淳紳,1,6.90,0,0
4530,宏易,1,12.85,0,0
4533,協易機,1,34.10,0,0
4534,慶騰,1,21.50,0,0
4535,至興,1,33.70,0,0
4538,大詠城,1,18.35,0,0
4541,晟田,1,35.35,0,0
4542,科嶠,1,84.00,0,0
4543,萬在,1,39.75,0,0
4549,桓達,1,175.50,-46,0
4550,長佳,1,29.75,0,0
4554,橙的,1,28.40,0,0
4556,旭然,1,31.30,0,0
4558,寶緯,1,33.80,0,0
4561,健椿,1,62.40,0,0
4563,百德,1,84.60,0,0
4568,科際精密,1,51.10,0,0
4577,達航科技,1,27.80,0,0
4580,捷流閥業,1,95.20,0,0
4584,君帆,1,62.50,0,0
4609,唐鋒,1,8.25,0,0
4702,中美實,1,12.50,0,0
4706,大恭,1,32.55,0,0
4707,磐亞,1,13.95,0,0
4711,永純,1,14.90,0,0
4714,永捷,1,16.20,0,0
4716,大立,1,21.00,0,0
4721,美琪瑪,1,63.50,0,0
4726,永昕,1,44.70,0,0
4728,雙美,1,274.00,0,0
4729,熒茂,1,24.40,0,0
4735,豪展,1,38.25,0,0
4741,泓瀚,1,35.40,0,0
4743,合一,1,78.50,0,0
4744,皇將,1,22.05,0,0
4745,合富-KY,1,20.15,0,0
4747,強生,1,70.30,0,0
4749,新應材,1,650.00,12,0
4754,國碳科,1,41.05,0,0
4760,勤凱,1,116.50,0,0
4767,誠泰科技,1,33.70,0,0
4768,晶呈科技,1,171.00,-61,-91
4772,台特化,1,246.00,17,0
4804,大略-KY,1,,0,0
4806,桂田文創,1,10.90,0,0
4903,聯光通,1,38.50,0,0
4905,台聯電,1,77.30,0,0
4907,富宇,1,66.80,0,0
4908,前鼎,1,99.10,0,0
4909,新復興,1,103.50,0,0
4911,德英,1,57.90,0,0
4923,力士,1,33.90,0,0
4924,欣厚-KY,1,19.95,0,0
4931,新盛力,1,69.40,0,0
4933,友輝,1,80.50,0,0
4939,亞電,1,20.45,0,0
4945,陞達科技,1,81.00,0,0
4946,辣椒,1,50.20,0,0
4950,牧東,1,12.75,0,0
4951,精拓科,1,74.10,0,0
4953,緯軟,1,118.00,0,0
4966,譜瑞-KY,1,726.00,-242,-35
4971,IET-KY,1,113.50,0,0
4972,湯石照明,1,25.30,0,0
4973,廣穎,1,33.00,0,0
4974,亞泰,1,124.00,0,0
4979,華星光,1,250.50,6511,99
4987,科誠,1,90.30,0,0
4991,環宇-KY,1,145.00,107,0
4995,晶達,1,72.30,0,0
5009,榮剛,1,49.40,1745,-20
5011,久陽,1,20.30,0,0
5013,強新,1,30.50,0,0
5014,建錩,1,14.55,0,0
5015,華祺,1,36.20,0,0
5016,松和,1,27.75,0,0
5201,凱衛,1,36.60,0,0
5202,力新,1,28.70,0,0
5205,中茂,1,27.55,0,0
5206,坤悅,1,41.10,0,0
5209,新鼎,1,172.00,-1,-1
5210,寶碩,1,26.55,0,0
5211,蒙恬,1,28.70,0,0
5212,凌網,1,62.90,0,0
5213,亞昕,1,31.30,0,0
5220,萬達光電,1,21.05,0,0
5223,安力-KY,1,30.20,0,0
5227,立凱-KY,1,39.40,0,0
5228,鈺鎧,1,19.55,0,0
5230,雷笛克光學,1,25.70,0,0
5236,凌陽創新,1,158.00,0,0
5245,智晶,1,32.90,0,0
5251,天鉞電,1,23.30,0,0
5263,智崴,1,149.50,0,0
5272,笙科,1,27.75,0,0
5274,信驊,1,3760.00,-109,-99
5276,達輝-KY,1,18.70,0,0
5278,尚凡*,1,38.40,0,0
5287,數字,1,187.00,0,0
5289,宜鼎,1,241.00,91,171
5291,邑昇,1,25.05,0,0
5299,杰力,1,91.00,0,0
5301,寶得利,1,11.35,0,0
5302,太欣,1,9.67,0,0
5309,系統電,1,40.05,0,0
5310,天剛,1,47.85,0,0
5312,寶島科,1,125.50,0,0
5314,世紀,1,897.00,0,0
5315,光聯,1,20.70,0,0
5321,美而快,1,57.30,0,0
5324,士開,1,11.85,0,0
5328,華容,1,16.65,0,0
5340,建榮,1,43.60,0,0
5344,立衛,1,17.20,0,0
5345,天揚,1,26.00,0,0
5347,世界,1,88.20,-6813,-427
5348,正能量智能,1,24.30,0,0
5351,鈺創,1,33.20,0,0
5353,台林,1,33.10,0,0
5355,佳總,1,10.10,0,0
5356,協益,1,30.40,0,0
5364,力麗店,1,26.25,0,0
5371,中光電,1,83.20,326,-46
5381,合正,1,20.85,0,0
5386,青雲,1,78.60,0,0
5392,能率,1,36.80,0,0
5398,慕康生醫,1,18.35,0,0
5403,中菲,1,133.00,0,0
5410,國眾,1,31.20,0,0
5425,台半,1,53.90,-35,0
5426,振發,1,29.40,0,0
5432,新門,1,134.00,0,0
5438,東友,1,24.50,0,0
5439,高技,1,117.50,185,0
5443,均豪,1,94.40,0,0
5450,南良,1,17.70,0,0
5452,佶優,1,29.80,0,0
5455,昇益,1, ---,0,0
5457,宣德,1,50.90,0,0
5460,同協,1,15.35,0,0
5464,霖宏,1,25.90,0,0
5465,富驊,1,39.35,0,0
5468,凱鈺,1,23.50,0,0
5474,聰泰,1,207.00,0,0
5475,德宏,1,13.50,0,0
5478,智冠,1,123.00,-3,-3
5481,新華,1,32.00,0,0
5483,中美晶,1,114.00,-2686,-241
5487,通泰,1,33.90,0,0
5488,松普,1,12.15,0,0
5489,彩富,1,39.45,0,0
5490,同亨,1,25.15,0,0
5493,三聯,1,82.00,0,0
5498,凱崴,1,10.80,0,0
5508,永信建,1,131.00,-63,-7
5511,德昌,1,63.20,0,0
5512,力麒,1,9.98,0,0
5514,三豐,1,19.75,0,0
5516,雙喜,1,18.55,0,0
5520,力泰,1,82.70,0,0
5523,豐謙,1,30.00,0,0
5529,鉅陞,1,28.90,0,0
5530,龍巖,1,56.80,0,0
5536,聖暉*,1,439.50,116,-7
5543,桓鼎-KY,1,21.80,0,0
5548,安倉,1,28.55,0,0
5601,台聯櫃,1,36.20,0,0
5603,陸海,1,25.95,0,0
5604,中連,1,44.60,0,0
5609,中菲行,1,80.30,-3,-5
5701,劍湖山,1,4.80,0,0
5703,亞都,1,18.45,0,0
5704,老爺知,1,34.15,0,0
5864,致和證,1,14.30,0,0
5878,台名,1,45.85,0,0
5902,德記,1,40.10,0,0
5903,全家,1,188.50,-3,-3
5904,寶雅,1,478.50,-20,-3
5905,南仁湖,1,13.90,0,0
6015,宏遠證,1,10.90,0,0
6016,康和證,1,14.35,0,0
6020,大展證,1,19.05,0,0
6021,美好證,1,23.85,0,0
6023,元大期,1,86.80,-107,-2
6026,福邦證,1,12.60,0,0
6101,寬魚國際,1,40.15,0,0
6103,合邦,1,48.80,0,0
6104,創惟,1,177.00,875,0
6109,亞元,1,12.20,0,0
6111,大宇資,1,56.60,0,0
6113,亞矽,1,21.15,0,0
6114,久威,1,35.70,0,0
6118,建達,1,22.55,0,0
6121,新普,1,365.50,-510,-96
6122,擎邦,1,52.50,0,0
6123,上奇,1,58.50,0,0
6124,業強,1,30.50,0,0
6125,廣運,1,82.10,-1,0
6126,信音,1,28.20,0,0
6127,九豪,1,26.85,0,0
6129,普誠,1,16.10,0,0
6130,上亞科技,1,23.00,0,0
6134,萬旭,1,30.00,0,0
6138,茂達,1,176.50,-275,-150
6140,訊達,1,36.05,0,0
6143,振曜,1,131.00,11,0
6144,得利影,1,30.65,0,0
6146,耕興,1,203.50,-17,-8
6147,頎邦,1,64.10,-126,-363
6148,驊宏資,1,39.95,0,0
6150,撼訊,1,71.40,0,0
6151,晉倫,1,38.85,0,0
6154,順發,1,15.95,0,0
6156,松上,1,27.55,0,0
6158,禾昌,1,28.45,0,0
6160,欣技,1,25.85,0,0
6161,捷波,1,46.55,0,0
6163,華電網,1,22.15,0,0
6167,久正,1,13.20,0,0
6169,昱泉,1,19.80,0,0
6170,統振,1,52.10,0,0
6171,大城地產,1,39.35,0,0
6173,信昌電,1,43.70,0,0
6174,安碁,1,22.60,0,0
6175,立敦,1,42.70,0,0
6179,亞通,1,27.80,0,0
6180,橘子,1,75.60,213,0
6182,合晶,1,24.20,-186,-114
6185,幃翔,1,15.20,0,0
6186,新潤,1,59.80,0,0
6187,萬潤,1,403.00,266,0
6188,廣明,1,104.50,-922,0
6190,萬泰科,1,34.70,0,0
6194,育富,1,35.75,0,0
6195,詩肯,1,33.00,0,0
6198,瑞築,1,41.90,0,0
6199,天品,1,134.50,0,0
6203,海韻電,1,75.20,0,0
6204,艾華,1,62.70,0,0
6207,雷科,1,57.20,0,0
6208,日揚,1,49.35,643,0
6210,慶生,1,19.55,0,0
6212,理銘,1,59.60,0,0
6217,中探針,1,36.45,0,0
6218,豪勉,1,29.10,0,0
6219,富旺,1,40.55,0,0
6220,岳豐,1,25.10,0,0
6221,晉泰,1,69.90,0,0
6222,立軒,1,28.90,0,0
6223,旺矽,1,849.00,-1246,74
6227,茂綸,1,84.10,0,0
6228,全譜,1,22.40,0,0
6229,研通,1,29.85,0,0
6231,系微,1,439.50,995,102
6233,旺玖,1,26.30,0,0
6234,高僑,1,26.15,0,0
6236,中湛,1, ---,0,0
6237,驊訊,1,57.50,0,0
6240,松崗,1,20.85,0,0
6241,易通展,1,15.10,0,0
6242,立康,1,41.85,0,0
6244,茂迪,1,20.90,0,0
6245,立端,1,114.50,830,50
6246,臺龍,1,15.20,0,0
6248,沛波,1,27.90,0,0
6259,百徽,1,19.30,0,0
6261,久元,1,61.50,-37,-16
6263,普萊德,1,153.00,0,0
6264,富裔,1,9.27,0,0
6265,方土昶,1,10.70,0,0
6266,泰詠,1,31.60,0,0
6270,倍微,1,25.40,0,0
6274,台燿,1,163.50,258,-18
6275,元山,1,46.35,0,0
6276,安鈦克,1,29.65,0,0
6279,胡連,1,189.50,259,345
6284,佳邦,1,82.00,-1,0
6287,元隆,1, ---,0,0
6290,良維,1,83.50,0,0
6291,沛亨,1,95.80,0,0
6292,迅德,1,53.70,0,0
6294,智基,1,60.40,0,0
6411,晶焱,1,86.50,0,0
6417,韋僑,1,100.50,0,0
6418,詠昇,1,19.95,0,0
6419,京晨科,1,102.00,0,0
6425,易發,1,64.00,0,0
6432,今展科,1,28.30,0,0
6435,大中,1,105.50,0,0
6441,廣錠,1,33.60,0,0
6461,益得,1,27.00,0,0
6462,神盾,1,159.50,0,0
6465,威潤,1,19.20,0,0
6469,大樹,1,156.50,0,0
6470,宇智,1,51.20,0,0
6482,弘煜科,1,52.70,0,0
6485,點序,1,61.30,0,0
6486,互動,1,82.70,0,0
6488,環球晶,1,325.00,-840,-194
6492,生華科,1,44.20,0,0
6494,九齊,1,49.65,0,0
6496,科懋,1,33.20,0,0
6499,益安,1,41.00,0,0
6506,雙邦,1,17.00,0,0
6508,惠光,1,29.20,0,0
6509,聚和,1,38.10,0,0
6510,精測,1,786.00,265,11
6512,啟發電,1,23.00,0,0
6516,勤崴國際,1,71.50,0,0
6517,保勝光學,1,65.60,0,0
6523,達爾膚,1,148.00,0,0
6527,明達醫,1,83.20,0,0
6530,創威,1,66.90,0,0
6532,瑞耘,1,69.80,0,0
6535,順藥,1,258.50,408,0
6538,倉和,1,102.50,0,0
6542,隆中,1,57.00,0,0
6546,正基,1,149.00,-15,0
6547,高端疫苗,1,51.30,0,0
6548,長科*,1,35.05,-2,0
6556,勝品,1,83.10,0,0
6560,欣普羅,1,31.80,0,0
6561,是方,1,451.00,-10,0
6568,宏觀,1,161.50,167,0
6569,醫揚,1,175.50,0,0
6570,維田,1,55.40,0,0
6574,霈方,1, ---,0,0
6576,逸達,1,80.00,0,0
6577,勁豐,1,94.10,0,0
6578,達邦蛋白,1,18.45,0,0
6584,南俊國際,1,133.00,0,0
6588,東典光電,1,36.30,0,0
6589,台康生技,1,83.50,0,0
6590,普鴻,1,79.40,0,0
6593,台灣銘板,1,62.20,0,0
6596,寬宏藝術,1,89.30,0,0
6603,富強鑫,1,16.60,0,0
6609,瀧澤科,1,70.20,0,0
6612,奈米醫材,1,132.00,0,0
6613,朋億*,1,249.00,118,-7
6615,慧智,1,41.50,0,0
6616,特昇-KY,1,10.80,0,0
6617,共信-KY,1,116.50,0,0
6624,萬年清,1,37.75,0,0
6629,泰金-KY,1,117.50,0,0
6637,醫影,1,90.30,0,0
6640,均華,1,499.00,-547,0
6642,富致,1,65.10,0,0
6643,M31,1,700.00,-29,0
6649,台生材,1,38.40,0,0
6651,全宇昕,1,95.20,0,0
6654,天正國際,1,46.80,0,0
6661,威健生技,1,23.80,0,0
6662,樂斯科,1,35.20,0,0
6664,群翊,1,225.00,-1,0
6667,信紘科,1,170.00,0,0
6679,鈺太,1,324.00,90,90
6680,鑫創電子,1,88.70,0,0
6683,雍智科技,1,433.00,17,-23
6684,安格,1,62.60,0,0
6690,安碁資訊,1,211.00,0,0
6692,進能服,1,37.50,0,0
6693,廣閎科,1,84.00,0,0
6697,東捷資訊,1,54.80,0,0
6703,軒郁,1,152.50,0,0
6708,天擎,1,58.90,0,0
6712,長聖,1,178.50,0,0
6716,應廣,1,83.50,0,0
6720,久昌,1,177.50,0,0
6721,信實,1,60.20,0,0
6727,亞泰金屬,1,79.00,0,0
6728,上洋,1,131.00,0,0
6732,昇佳電子,1,239.50,-20,-15
6733,博晟生醫,1,34.25,0,0
6735,美達科技,1,56.50,0,0
6739,竹陞科技,1,210.50,0,0
6741,91APP*-KY,1,102.50,0,0
6747,亨泰光,1,128.50,0,0
6751,智聯服務,1,59.30,0,0
6752,叡揚,1,161.00,0,0
6761,穩得,1,98.80,0,0
6762,達亞,1,274.00,0,0
6763,綠界科技*,1,69.30,-1,0
6767,台微醫,1,34.75,0,0
6785,昱展新藥,1,146.50,0,0
6788,華景電,1,222.00,0,0
6791,虎門科技,1,165.00,0,0
6803,崑鼎,1,289.00,-1,-1
6804,明係,1,27.90,0,0
6811,宏碁資訊,1,289.00,265,0
6821,聯寶,1,45.80,0,0
6823,濾能,1,67.70,0,0
6829,千附精密,1,130.50,-465,-91
6840,東研信超,1,51.30,0,0
6841,長佳智能,1,83.40,0,0
6843,進典,1,50.60,0,0
6844,諾貝兒,1,138.00,0,0
6846,綠茵,1,81.10,0,0
6855,數泓科,1,159.50,0,0
6856,鑫傳,1,63.10,0,0
6859,伯特光,1,205.50,12,0
6865,偉康科技,1,62.20,0,0
6870,騰雲,1,250.00,0,0
6874,倍力,1,97.50,0,0
6875,國邑*,1,60.90,0,0
6877,鏵友益,1,72.30,0,0
6881,潤德,1,228.50,0,0
6894,衛司特,1,187.00,0,0
6895,宏碩系統,1,169.50,-511,-140
6899,創為精密,1,53.10,0,0
6903,巨漢,1,134.00,0,0
6904,伯鑫,1,143.00,0,0
6913,鴻呈,1,121.50,0,0
6922,宸曜,1,235.50,0,0
6929,佑全,1,38.20,0,0
6953,家碩,1,225.00,0,0
6967,汎瑋材料,1,52.90,0,0
6968,萬達寵物,1,60.00,0,0
6982,大井泵浦,1,62.70,0,0
6996,力領科技,1,229.00,0,0
6997,博弘,1,130.50,0,0
7402,邑錡,1,81.30,0,0
7556,意德士,1,161.00,0,0
7584,樂意,1,77.90,0,0
7703,銳澤,1,155.50,0,0
7704,明遠精密,1,72.90,0,0
7708,全家餐飲,1,94.00,0,0
7712,博盛半導體,1,248.00,0,0
7714,創泓科技,1,90.70,0,0
7715,裕山,1,49.90,0,0
8024,佑華,1,17.05,0,0
8027,鈦昇,1,82.70,0,0
8032,光菱,1,54.10,0,0
8034,榮群,1,20.40,0,0
8038,長園科,1,27.90,0,0
8040,九暘,1,76.00,0,0
8042,金山電,1,37.80,0,0
8043,蜜望實,1,33.30,0,0
8044,網家,1,44.40,0,0
8047,星雲,1,18.30,0,0
8048,德勝,1,51.00,0,0
8049,晶采,1,33.10,0,0
8050,廣積,1,73.10,-32,-15
8054,安國,1,123.00,0,0
8059,凱碩,1,37.60,0,0
8064,東捷,1,48.15,0,0
8066,來思達,1,26.95,0,0
8067,志旭,1,17.20,0,0
8068,全達,1,25.50,0,0
8069,元太,1,290.00,129,35
8071,能率網通,1,21.90,0,0
8074,鉅橡,1,21.25,0,0
8076,伍豐,1,32.45,0,0
8077,洛碁,1, ---,0,0
8080,泰霖,1,31.45,0,0
8083,瑞穎,1,162.00,0,0
8084,巨虹,1,61.80,0,0
8085,福華,1,29.95,0,0
8086,宏捷科,1,93.00,-3241,-110
8087,麗升能源,1,46.95,0,0
8088,品安,1,20.05,0,0
8089,康全電訊,1,71.10,0,0
8091,翔名,1,124.00,0,0
8092,建暐,1,22.75,0,0
8093,保銳,1,22.55,0,0
8096,擎亞,1,54.00,0,0
8097,常珵,1,83.10,0,0
8099,大世科,1,86.10,0,0
8107,大億金茂,1,19.35,0,0
8109,博大,1,92.90,0,0
8111,立碁,1,49.10,0,0
8121,越峰,1,26.20,0,0
8147,正淩,1,109.50,0,0
8155,博智,1,117.00,0,0
8171,天宇,1,38.00,0,0
8176,智捷,1,14.70,0,0
8182,加高,1,33.40,0,0
8183,精星,1,40.20,0,0
8227,巨有科技,1,179.00,0,0
8234,新漢,1,65.70,0,0
8240,華宏,1,43.80,0,0
8255,朋程,1,161.50,0,0
8272,全景軟體,1,102.00,0,0
8277,商丞,1,12.05,0,0
8279,生展,1,128.00,0,0
8284,三竹,1,68.90,0,0
8289,泰藝,1,24.20,0,0
8291,尚茂,1,7.18,0,0
8299,群聯,1,488.50,-1126,-82
8342,益張,1,90.00,0,0
8349,恒耀,1,61.40,0,0
8354,冠好,1,15.95,0,0
8358,金居,1,56.00,-38,-17
8383,千附,1,44.20,0,0
8390,金益鼎,1,69.90,0,0
8401,白紗科,1,31.00,0,0
8403,盛弘,1,28.60,0,0
8409,商之器,1,23.80,0,0
8410,森田,1,79.20,0,0
8415,大國鋼,1,34.80,0,0
8416,實威,1,177.50,0,0
8421,旭源,1,12.95,0,0
8423,保綠-KY,1,20.55,0,0
8424,惠普,1,68.60,0,0
8426,紅木-KY,1,43.55,0,0
8431,匯鑽科,1,61.80,0,0
8432,東生華,1,59.90,0,0
8433,弘帆,1,84.60,0,0
8435,鉅邁,1,76.60,0,0
8436,大江,1,122.00,-38,-25
8437,大地-KY,1,27.80,0,0
8440,綠電,1,34.30,0,0
8444,綠河-KY,1,26.85,0,0
8446,華研,1,118.00,0,0
8450,霹靂,1,23.15,0,0
8455,大拓-KY,1,28.50,0,0
8472,夠麻吉,1,25.25,0,0
8477,創業家,1,11.90,0,0
8489,三貝德,1,33.00,0,0
8905,裕國,1,32.05,0,0
8906,花王,1,31.55,0,0
8908,欣雄,1,45.85,0,0
8916,光隆,1,58.10,-9,-3
8917,欣泰,1,63.80,0,0
8921,沈氏,1,27.70,0,0
8923,時報,1,19.50,0,0
8924,大田,1,70.90,0,0
8927,北基,1,56.00,-2,0
8928,鉅明,1,32.25,0,0
8929,富堡,1,24.90,0,0
8930,青鋼,1,35.95,0,0
8931,大汽電,1,48.25,0,0
8932,智通*,1,103.50,0,0
8933,愛地雅,1,8.38,0,0
8935,邦泰,1,24.45,0,0
8936,國統,1,55.30,534,14
8937,合騏,1,169.50,0,0
8938,明安,1,75.10,114,0
8941,關中,1,67.80,0,0
8942,森鉅,1,57.70,0,0
9949,琉園,1,25.35,0,0
9950,萬國通,1,14.15,0,0
9951,皇田,1,58.30,0,0
9960,邁達康,1,25.70,0,0
9962,有益,1,14.60,0,0
1101,台泥,0,31.2,7486,416
1102,亞泥,0,40.85,-130,-91
1103,嘉泥,0,17.15,0,0
1104,環泥,0,28.45,0,0
1108,幸福,0,14.55,0,0
1109,信大,0,17.3,0,0
1110,東泥,0,19.4,0,0
1201,味全,0,17.95,0,0
1203,味王,0,36.45,0,0
1210,大成,0,53.5,953,164
1213,大飲,0,15.45,0,0
1215,卜蜂,0,95.0,-21,-2
1216,統一,0,79.6,4439,246
1217,愛之味,0,11.95,0,0
1218,泰山,0,19.65,0,0
1219,福壽,0,14.95,0,0
1220,台榮,0,17.0,0,0
1225,福懋油,0,47.8,-108,0
1227,佳格,0,35.05,0,0
1229,聯華,0,50.9,-1,0
1231,聯華食,0,157.5,0,0
1232,大統益,0,148.0,0,0
1233,天仁,0,30.4,0,0
1234,黑松,0,40.8,0,0
1235,興泰,0,81.1,0,0
1236,宏亞,0,23.0,0,0
1256,鮮活果汁-KY,0,130.5,0,0
1301,台塑,0,33.5,-627,-219
1303,南亞,0,29.95,59,-66
1304,台聚,0,11.05,0,0
1305,華夏,0,11.9,0,0
1307,三芳,0,42.45,-3543,0
1308,亞聚,0,13.6,-163,-201
1309,台達化,0,13.0,0,0
1310,台苯,0,9.96,0,0
1312,國喬,0,10.95,0,0
1313,聯成,0,8.55,0,0
1314,中石化,0,7.25,0,0
1315,達新,0,68.5,0,0
1316,上曜,0,14.25,0,0
1319,東陽,0,117.5,-1121,1392
1321,大洋,0,36.85,0,0
1323,永裕,0,24.75,0,0
1324,地球,0,12.55,0,0
1325,恆大,0,34.85,0,0
1326,台化,0,26.1,-3289,-76
1337,再生-KY,0,6.16,0,0
1338,廣華-KY,0,29.15,0,0
1339,昭輝,0,57.0,0,0
1340,勝悅-KY,0,8.7,0,0
1341,富林-KY,0,69.3,0,0
1342,八貫,0,111.0,0,0
1402,遠東新,0,31.55,-2162,230
1409,新纖,0,14.95,0,0
1410,南染,0,35.15,0,0
1413,宏洲,0,11.15,0,0
1414,東和,0,25.6,0,0
1416,廣豐,0,12.85,0,0
1417,嘉裕,0,9.05,0,0
1418,東華,0,27.0,0,0
1419,新紡,0,42.25,0,0
1423,利華,0,36.95,0,0
1432,大魯閣,0,21.3,0,0
1434,福懋,0,18.4,3,0
1435,中福,0,,0,0
1436,華友聯,0,130.5,6,0
1437,勤益控,0,34.6,0,0
1438,三地開發,0,53.1,0,0
1439,雋揚,0,31.9,0,0
1440,南紡,0,13.85,0,0
1441,大東,0,14.2,0,0
1442,名軒,0,84.1,6015,1050
1443,立益物流,0,,0,0
1444,力麗,0,8.58,0,0
1445,大宇,0,17.0,0,0
1446,宏和,0,39.75,0,0
1447,力鵬,0,7.17,0,0
1449,佳和,0,18.9,0,0
1451,年興,0,19.7,0,0
1452,宏益,0,14.6,0,0
1453,大將,0,14.15,0,0
1454,台富,0,15.5,0,0
1455,集盛,0,9.4,0,0
1456,怡華,0,14.95,0,0
1457,宜進,0,20.05,0,0
1459,聯發,0,9.24,0,0
1460,宏遠,0,7.03,0,0
1463,強盛新,0,25.0,0,0
1464,得力,0,17.8,0,0
1465,偉全,0,14.1,0,0
1466,聚隆,0,12.45,0,0
1467,南緯,0,10.55,0,0
1468,昶和,0,12.9,0,0
1470,大統新創,0,22.35,0,0
1471,首利,0,12.9,0,0
1472,三洋實業,0,70.8,0,0
1473,台南,0,36.15,0,0
1474,弘裕,0,12.35,0,0
1475,業旺,0,59.3,0,0
1476,儒鴻,0,543.0,107,0
1477,聚陽,0,355.0,824,-12
1503,士電,0,175.0,0,0
1504,東元,0,55.1,-557,-22
1506,正道,0,12.25,0,0
1512,瑞利,0,6.98,0,0
1513,中興電,0,152.0,-36,-26
1514,亞力,0,96.7,0,0
1515,力山,0,32.25,0,0
1516,川飛,0,17.25,0,0
1517,利奇,0,13.55,0,0
1519,華城,0,516.0,10,0
1521,大億,0,26.65,0,0
1522,堤維西,0,66.7,53,0
1524,耿鼎,0,39.7,-1226,0
1525,江申,0,58.6,0,0
1526,日馳,0,23.9,0,0
1527,鑽全,0,42.0,0,0
1528,恩德,0,14.55,0,0
1529,樂事綠能,0,22.8,0,0
1530,亞崴,0,30.95,0,0
1531,高林股,0,13.65,0,0
1532,勤美,0,30.85,176,0
1533,車王電,0,39.25,0,0
1535,中宇,0,60.9,-13,-3
1536,和大,0,61.2,94,0
1537,廣隆,0,154.5,-1,0
1538,正峰,0,,0,0
1539,巨庭,0,22.25,0,0
1540,喬福,0,32.4,-716,0
1541,錩泰,0,26.85,0,0
1558,伸興,0,106.5,0,0
1560,中砂,0,275.5,-1193,-50
1563,巧新,0,61.0,0,0
1568,倉佑,0,27.45,0,0
1582,信錦,0,101.0,391,0
1583,程泰,0,61.1,0,0
1587,吉茂,0,36.2,0,0
1589,永冠-KY,0,38.1,0,0
1590,亞德客-KY,0,934.0,6,120
1597,直得,0,103.5,353,0
1598,岱宇,0,32.5,0,0
1603,華電,0,35.25,0,0
1604,聲寶,0,28.25,0,0
1605,華新,0,23.7,47,0
1608,華榮,0,25.35,0,0
1609,大亞,0,40.7,8,0
1611,中電,0,15.0,0,0
1612,宏泰,0,31.95,-148,0
1614,三洋電,0,39.55,0,0
1615,大山,0,58.1,0,0
1616,億泰,0,18.35,0,0
1617,榮星,0,16.5,0,0
1618,合機,0,46.7,0,0
1626,艾美特-KY,0,14.05,0,0
1702,南僑,0,49.85,0,0
1707,葡萄王,0,149.5,2,-2
1708,東鹼,0,37.0,120,0
1709,和益,0,20.2,0,0
1710,東聯,0,14.45,0,0
1711,永光,0,21.65,0,0
1712,興農,0,46.0,-110,-104
1713,國化,0,52.1,0,0
1714,和桐,0,8.03,386,0
1717,長興,0,28.35,-22,-2
1718,中纖,0,7.37,0,0
1720,生達,0,61.8,-2,0
1721,三晃,0,15.15,0,0
1722,台肥,0,51.2,3,-11
1723,中碳,0,92.8,0,0
1725,元禎,0,32.7,0,0
1726,永記,0,75.4,0,0
1727,中華化,0,29.25,-986,0
1730,花仙子,0,53.3,0,0
1731,美吾華,0,23.1,0,0
1732,毛寶,0,28.65,0,0
1733,五鼎,0,31.95,0,0
1734,杏輝,0,31.55,0,0
1735,日勝化,0,19.55,0,0
1736,喬山,0,173.0,-556,0
1737,臺鹽,0,32.5,0,0
1752,南光,0,42.0,0,0
1760,寶齡富錦,0,89.1,0,0
1762,中化生,0,34.25,0,0
1773,勝一,0,149.5,-311,-47
1776,展宇,0,19.9,0,0
1783,和康生,0,50.5,0,0
1786,科妍,0,120.0,0,0
1789,神隆,0,22.7,0,0
1795,美時,0,278.0,-665,0
1802,台玻,0,17.6,8058,0
1805,寶徠,0,15.0,0,0
1806,冠軍,0,9.59,0,0
1808,潤隆,0,35.65,-466,0
1809,中釉,0,20.4,0,0
1810,和成,0,16.95,-16,0
1817,凱撒衛,0,43.5,0,0
1903,士紙,0,50.1,0,0
1904,正隆,0,19.45,0,0
1905,華紙,0,16.1,0,0
1906,寶隆,0,13.75,0,0
1907,永豐餘,0,29.8,7,0
1909,榮成,0,11.15,0,0
2002,中鋼,0,19.65,1282,-123
2006,東和鋼鐵,0,69.1,-259,-81
2007,燁興,0,9.41,0,0
2008,高興昌,0,29.05,0,0
2009,第一銅,0,37.5,0,0
2010,春源,0,17.95,0,0
2012,春雨,0,25.0,0,0
2013,中鋼構,0,49.9,0,0
2014,中鴻,0,18.25,1515,-165
2015,豐興,0,68.3,-932,-106
2017,官田鋼,0,10.9,0,0
2020,美亞,0,28.25,0,0
2022,聚亨,0,8.86,0,0
2023,燁輝,0,15.45,0,0
2024,志聯,0,18.95,0,0
2025,千興,0,,0,0
2027,大成鋼,0,38.1,27060,7537
2028,威致,0,21.3,0,0
2029,盛餘,0,24.2,0,0
2030,彰源,0,16.8,-2171,0
2031,新光鋼,0,45.6,-489,0
2032,新鋼,0,13.7,0,0
2033,佳大,0,21.9,-685,0
2034,允強,0,20.1,0,0
2038,海光,0,16.05,-1268,0
2049,上銀,0,325.0,10029,308
2059,川湖,0,1565.0,-42,25
2062,橋椿,0,32.05,0,0
2069,運錩,0,17.45,0,0
2101,南港,0,44.25,0,0
2102,泰豐,0,18.05,0,0
2103,台橡,0,20.35,0,0
2104,國際中橡,0,12.25,0,0
2105,正新,0,51.2,1256,578
2106,建大,0,26.8,0,0
2107,厚生,0,25.85,0,0
2108,南帝,0,33.55,0,0
2109,華豐,0,18.2,0,0
2114,鑫永銓,0,90.1,0,0
2115,六暉-KY,0,29.9,0,0
2201,裕隆,0,51.2,-7130,0
2204,中華,0,83.1,-211,-52
2206,三陽工業,0,70.5,146,-14
2207,和泰車,0,604.0,37,1
2208,台船,0,15.0,-149,-27
2211,長榮鋼,0,89.2,-286,10
2227,裕日車,0,70.4,0,0
2228,劍麟,0,97.1,0,0
2231,為升,0,97.3,449,0
2233,宇隆,0,243.0,136,61
2236,百達-KY,0,119.5,0,0
2239,英利-KY,0,34.8,0,0
2241,艾姆勒,0,29.75,0,0
2243,宏旭-KY,0,17.4,0,0
2247,汎德永業,0,298.0,-28,0
2250,IKKA-KY,0,142.5,74,0
2301,光寶科,0,107.5,233,-468
2302,麗正,0,19.45,0,0
2303,聯電,0,40.15,-2799,-1705
2305,全友,0,13.95,0,0
2308,台達電,0,415.0,3835,-49
2312,金寶,0,24.9,0,0
2313,華通,0,69.9,2842,0
2314,台揚,0,34.95,0,0
2316,楠梓電,0,50.2,0,0
2317,鴻海,0,178.0,-12062,-2137
2321,東訊,0,14.95,0,0
2323,中環,0,9.94,3,0
2324,仁寶,0,38.45,4365,-27
2327,國巨,0,571.0,821,24
2328,廣宇,0,40.45,1974,-7
2329,華泰,0,36.1,-11,-3
2330,台積電,0,1125.0,1544,15
2331,精英,0,22.7,0,0
2332,友訊,0,24.7,0,0
2337,旺宏,0,19.55,5,-6
2338,光罩,0,48.4,0,0
2340,台亞,0,27.2,0,0
2342,茂矽,0,30.75,0,0
2344,華邦電,0,14.35,-216,-4
2345,智邦,0,774.0,-771,84
2347,聯強,0,72.5,-4829,-524
2348,海悅,0,179.5,335,320
2349,錸德,0,13.6,0,0
2351,順德,0,95.1,0,0
2352,佳世達,0,35.3,-120,-119
2353,宏碁,0,38.7,-4933,-930
2354,鴻準,0,75.0,558,0
2355,敬鵬,0,37.65,0,0
2356,英業達,0,45.8,5068,336
2357,華碩,0,665.0,3592,281
2359,所羅門,0,143.5,0,0
2360,致茂,0,346.0,-12284,57
2362,藍天,0,55.7,3,0
2363,矽統,0,65.9,-2,0
2364,倫飛,0,80.5,0,0
2365,昆盈,0,45.8,984,0
2367,燿華,0,31.65,0,0
2368,金像電,0,228.0,2774,-739
2369,菱生,0,17.6,0,0
2371,大同,0,42.4,8,0
2373,震旦行,0,63.4,0,0
2374,佳能,0,63.4,0,0
2375,凱美,0,70.6,0,0
2376,技嘉,0,254.0,-135,-80
2377,微星,0,193.0,3794,-485
2379,瑞昱,0,553.0,4783,196
2380,虹光,0,4.74,0,0
2382,廣達,0,252.0,-19230,115
2383,台光電,0,615.0,1225,182
2385,群光,0,158.0,-178,-189
2387,精元,0,63.2,-35,-16
2388,威盛,0,94.6,-185,0
2390,云辰,0,12.45,0,0
2392,正崴,0,70.6,0,0
2393,億光,0,88.7,1076,-7
2395,研華,0,411.5,2714,424
2397,友通,0,76.5,0,0
2399,映泰,0,25.95,-1742,0
2401,凌陽,0,29.85,2372,0
2402,毅嘉,0,38.1,0,0
2404,漢唐,0,489.0,2860,-23
2405,輔信,0,21.15,0,0
2406,國碩,0,13.85,0,0
2408,南亞科,0,28.8,-213,-15
2409,友達,0,13.8,-4349,-412
2412,中華電,0,126.0,2800,34
2413,環科,0,24.5,0,0
2414,精技,0,36.75,0,0
2415,錩新,0,29.95,0,0
2417,圓剛,0,51.1,441,0
2419,仲琦,0,29.45,0,0
2420,新巨,0,63.5,-1079,-16
2421,建準,0,94.2,-19,0
2423,固緯,0,45.3,0,0
2424,隴華,0,60.0,0,0
2425,承啟,0,35.2,0,0
2426,鼎元,0,21.75,0,0
2427,三商電,0,28.4,0,0
2428,興勤,0,163.5,0,0
2429,銘旺科,0,30.95,0,0
2430,燦坤,0,30.05,0,0
2431,聯昌,0,14.4,0,0
2433,互盛電,0,50.0,0,0
2434,統懋,0,30.55,0,0
2436,偉詮電,0,57.2,-968,0
2438,翔耀,0,28.6,0,0
2439,美律,0,112.0,-13,0
2440,太空梭,0,12.55,0,0
2441,超豐,0,63.1,1463,248
2442,新美齊,0,25.05,0,0
2444,兆勁,0,17.85,0,0
2449,京元電子,0,108.5,-15588,-573
2450,神腦,0,33.2,0,0
2451,創見,0,86.9,-150,-67
2453,凌群,0,71.1,343,0
2454,聯發科,0,1525.0,3552,-109
2455,全新,0,166.5,598,409
2457,飛宏,0,35.65,0,0
2458,義隆,0,162.5,1019,503
2459,敦吉,0,69.7,0,0
2460,建通,0,24.1,0,0
2461,光群雷,0,19.9,0,0
2462,良得電,0,26.35,0,0
2464,盟立,0,75.8,840,0
2465,麗臺,0,72.8,0,0
2466,冠西電,0,91.0,0,0
2467,志聖,0,188.0,-90,0
2468,華經,0,33.35,0,0
2471,資通,0,63.4,0,0
2472,立隆電,0,98.2,2507,0
2474,可成,0,199.5,-580,-269
2476,鉅祥,0,89.2,0,0
2477,美隆電,0,27.1,-1261,0
2478,大毅,0,45.7,0,0
2480,敦陽科,0,158.5,451,-4
2481,強茂,0,48.2,0,0
2482,連宇,0,23.95,0,0
2483,百容,0,22.45,0,0
2484,希華,0,24.95,0,0
2485,兆赫,0,15.45,0,0
2486,一詮,0,107.0,0,0
2488,漢平,0,58.8,0,0
2489,瑞軒,0,18.2,0,0
2491,吉祥全,0,12.65,0,0
2492,華新科,0,95.8,-122,0
2493,揚博,0,98.0,1,0
2495,普安,0,32.25,-2502,0
2496,卓越,0,94.6,0,0
2497,怡利電,0,61.4,0,0
2498,宏達電,0,47.25,547,22
2501,國建,0,23.75,0,0
2504,國產,0,43.4,-796,-2
2505,國揚,0,20.9,0,0
2506,太設,0,11.7,0,0
2509,全坤建,0,15.65,0,0
2511,太子,0,10.15,0,0
2514,龍邦,0,19.05,0,0
2515,中工,0,10.55,8,0
2516,新建,0,22.25,0,0
2520,冠德,0,51.5,-50,-73
2524,京城,0,59.9,0,0
2527,宏璟,0,35.6,0,0
2528,皇普,0,40.1,0,0
2530,華建,0,38.35,0,0
2534,宏盛,0,24.5,0,0
2535,達欣工,0,56.2,0,0
2536,宏普,0,32.1,0,0
2537,聯上發,0,12.2,0,0
2538,基泰,0,14.15,0,0
2539,櫻花建,0,52.3,0,0
2540,愛山林,0,89.2,-25,0
2542,興富發,0,43.3,0,0
2543,皇昌,0,89.8,22,0
2545,皇翔,0,65.0,158,0
2546,根基,0,71.5,0,0
2547,日勝生,0,10.9,0,0
2548,華固,0,110.5,25,-12
2597,潤弘,0,158.5,299,0
2601,益航,0,7.11,0,0
2603,長榮,0,206.0,-197,1517
2605,新興,0,24.35,-275,0
2606,裕民,0,57.1,5470,-34
2607,榮運,0,29.9,-5,-8
2608,嘉里大榮,0,38.45,-216,0
2609,陽明,0,67.4,246,4
2610,華航,0,24.2,3986,0
2611,志信,0,22.15,0,0
2612,中航,0,39.1,0,0
2613,中櫃,0,31.05,-654,0
2614,東森,0,17.05,0,0
2615,萬海,0,75.1,564,-1
2616,山隆,0,17.3,0,0
2617,台航,0,29.0,-6,0
2618,長榮航,0,44.55,12915,-8768
2630,亞航,0,36.3,0,0
2633,台灣高鐵,0,27.85,-9,-30
2634,漢翔,0,45.35,-70,-14
2636,台驊控股,0,75.9,0,0
2637,慧洋-KY,0,62.0,-2605,-7
2642,宅配通,0,33.65,0,0
2645,長榮航太,0,106.0,67,-10
2646,星宇航空,0,27.25,0,0
2701,萬企,0,12.55,0,0
2702,華園,0,17.1,0,0
2704,國賓,0,52.9,0,0
2705,六福,0,18.0,0,0
2706,第一店,0,14.75,0,0
2707,晶華,0,194.0,62,0
2712,遠雄來,0,24.9,0,0
2722,夏都,0,33.95,0,0
2723,美食-KY,0,103.5,87,0
2727,王品,0,225.5,12,0
2731,雄獅,0,123.5,210,0
2739,寒舍,0,51.8,0,0
2748,雲品,0,61.1,0,0
2753,八方雲集,0,163.5,30,0
2762,世界健身-KY,0,89.8,0,0
2801,彰銀,0,18.1,2855,-41
2809,京城銀,0,50.5,-597,-77
2812,台中銀,0,18.45,-274,0
2816,旺旺保,0,32.25,0,0
2820,華票,0,15.0,0,0
2832,台產,0,29.65,0,0
2834,臺企銀,0,15.0,528,0
2836,高雄銀,0,11.6,0,0
2838,聯邦銀,0,15.35,15,0
2845,遠東銀,0,13.3,2565,291
2849,安泰銀,0,14.25,0,0
2850,新產,0,103.5,6,-12
2851,中再保,0,25.65,0,0
2852,第一保,0,25.05,0,0
2855,統一證,0,26.0,-7607,-892
2867,三商壽,0,6.86,0,0
2880,華南金,0,27.85,4738,83
2881,富邦金,0,92.3,3220,91
2882,國泰金,0,66.9,5764,225
2883,凱基金,0,17.3,5986,136
2884,玉山金,0,28.55,-4181,-197
2885,元大金,0,35.1,7586,537
2886,兆豐金,0,38.85,7547,320
2887,台新金,0,17.45,4338,391
2888,新光金,0,12.3,53,0
2889,國票金,0,14.3,-1024,-150
2890,永豐金,0,22.45,1127,689
2891,中信金,0,39.75,29647,1356
2892,第一金,0,27.7,8979,-1541
2897,王道銀行,0,9.88,-59,-232
2901,欣欣,0,27.25,0,0
2903,遠百,0,22.1,-13818,-1361
2904,匯僑,0,17.95,0,0
2905,三商,0,16.4,0,0
2906,高林,0,17.3,0,0
2908,特力,0,20.1,0,0
2910,統領,0,24.45,0,0
2911,麗嬰房,0,8.03,0,0
2912,統一超,0,260.0,248,52
2913,農林,0,19.0,0,0
2915,潤泰全,0,68.3,-836,-114
2923,鼎固-KY,0,23.8,0,0
2929,淘帝-KY,0,13.95,0,0
2939,永邑-KY,0,31.95,0,0
2945,三商家購,0,39.2,0,0
3002,歐格,0,13.85,0,0
3003,健和興,0,72.3,0,0
3004,豐達科,0,97.9,0,0
3005,神基,0,122.0,1928,-195
3006,晶豪科,0,61.8,1,0
3008,大立光,0,2795.0,212,-4
3010,華立,0,116.5,46,-74
3011,今皓,0,17.75,0,0
3013,晟銘電,0,130.5,-2111,0
3014,聯陽,0,143.0,-313,-85
3015,全漢,0,68.7,-328,-64
3016,嘉晶,0,42.05,0,0
3017,奇鋐,0,549.0,-5404,40
3018,隆銘綠能,0,27.45,0,0
3019,亞光,0,186.0,4836,927
3021,鴻名,0,25.45,-804,0
3022,威強電,0,82.4,-12,0
3023,信邦,0,271.0,-50,-4
3024,憶聲,0,18.0,0,0
3025,星通,0,69.1,0,0
3026,禾伸堂,0,88.9,0,0
3027,盛達,0,29.9,1,0
3028,增你強,0,29.95,0,0
3029,零壹,0,150.5,402,34
3030,德律,0,131.0,3,0
3031,佰鴻,0,23.35,0,0
3032,偉訓,0,91.0,0,0
3033,威健,0,34.6,-846,-154
3034,聯詠,0,544.0,-69,-92
3035,智原,0,240.5,1498,98
3036,文曄,0,106.5,-4629,0
3037,欣興,0,125.0,-7821,-771
3038,全台,0,27.25,-13,-4
3040,遠見,0,51.1,0,0
3041,揚智,0,35.35,0,0
3042,晶技,0,100.5,-505,-111
3043,科風,0,34.5,0,0
3044,健鼎,0,198.0,-496,-83
3045,台灣大,0,112.0,-1355,-839
3046,建碁,0,49.5,0,0
3047,訊舟,0,29.25,0,0
3048,益登,0,29.5,0,0
3049,精金,0,8.42,0,0
3050,鈺德,0,16.65,0,0
3051,力特,0,32.1,0,0
3052,夆典,0,11.3,0,0
3054,立萬利,0,23.4,0,0
3055,蔚華科,0,75.1,0,0
3056,富華新,0,32.45,0,0
3057,喬鼎,0,11.85,0,0
3058,立德,0,15.4,0,0
3059,華晶科,0,40.8,1370,0
3060,銘異,0,24.55,0,0
3062,建漢,0,32.25,0,0
3090,日電貿,0,72.0,-43,402
3092,鴻碩,0,26.5,0,0
3094,聯傑,0,30.25,0,0
3130,一零四,0,222.0,0,0
3138,耀登,0,113.5,0,0
3149,正達,0,31.7,0,0
3164,景岳,0,20.05,0,0
3167,大量,0,96.3,-665,0
3168,眾福科,0,47.4,0,0
3189,景碩,0,96.5,1346,0
3209,全科,0,34.15,-173,-29
3229,晟鈦,0,17.95,0,0
3231,緯創,0,104.5,5791,-42
3257,虹冠電,0,58.2,0,0
3266,昇陽,0,16.4,0,0
3296,勝德,0,28.15,0,0
3305,昇貿,0,69.4,0,0
3308,聯德,0,21.6,0,0
3311,閎暉,0,33.85,0,0
3312,弘憶股,0,52.1,0,0
3321,同泰,0,15.8,0,0
3338,泰碩,0,60.2,0,0
3346,麗清,0,33.65,0,0
3356,奇偶,0,56.6,0,0
3376,新日興,0,248.0,1745,0
3380,明泰,0,35.75,47,0
3406,玉晶光,0,475.0,2139,0
3413,京鼎,0,314.0,-82,21
3416,融程電,0,173.0,39,0
3419,譁裕,0,17.7,0,0
3432,台端,0,16.35,0,0
3437,榮創,0,21.25,0,0
3443,創意,0,1380.0,1046,173
3447,展達,0,54.6,0,0
3450,聯鈞,0,304.0,4343,-202
3454,晶睿,0,143.0,0,50
3481,群創,0,13.8,14,0
3494,誠研,0,19.1,0,0
3501,維熹,0,60.2,0,0
3504,揚明光,0,62.9,0,0
3515,華擎,0,231.0,-34,0
3518,柏騰,0,22.4,0,0
3528,安馳,0,51.2,0,0
3530,晶相光,0,83.2,0,0
3532,台勝科,0,84.6,-184,0
3533,嘉澤,0,1880.0,-375,62
3535,晶彩科,0,47.55,0,0
3543,州巧,0,22.75,0,0
3545,敦泰,0,77.5,-58,-50
3550,聯穎,0,16.45,0,0
3557,嘉威,0,70.0,0,0
3563,牧德,0,375.0,0,0
3576,聯合再生,0,9.91,0,0
3583,辛耘,0,349.0,-27,-66
3588,通嘉,0,64.6,-587,0
3591,艾笛森,0,24.0,0,0
3592,瑞鼎,0,392.5,1220,-13
3593,力銘,0,7.83,0,0
3596,智易,0,196.0,2535,66
3605,宏致,0,58.8,0,0
3607,谷崧,0,18.25,0,0
3617,碩天,0,333.0,-372,0
3622,洋華,0,57.0,-984,0
3645,達邁,0,79.3,506,0
3652,精聯,0,37.8,0,0
3653,健策,0,1295.0,-969,204
3661,世芯-KY,0,3605.0,571,265
3665,貿聯-KY,0,646.0,1698,248
3669,圓展,0,42.0,0,0
3673,TPK-KY,0,39.75,-191,0
3679,新至陞,0,148.0,0,0
3686,達能,0,17.45,0,0
3694,海華,0,61.5,420,0
3701,大眾控,0,38.65,0,0
3702,大聯大,0,70.1,-7314,-794
3703,欣陸,0,29.7,412,-116
3704,合勤控,0,40.3,0,0
3705,永信,0,55.3,2,0
3706,神達,0,75.4,-6213,132
3708,上緯投控,0,83.6,0,0
3711,日月光投控,0,164.5,-2840,-765
3712,永崴投控,0,63.8,0,0
3714,富采,0,44.15,-20,-5
3715,定穎投控,0,60.0,-3066,0
3716,中化控股,0,38.15,0,0
4104,佳醫,0,86.1,39,0
4106,雃博,0,24.6,0,0
4108,懷特,0,16.45,0,0
4119,旭富,0,86.0,0,0
4133,亞諾法,0,30.65,0,0
4137,麗豐-KY,0,111.0,-39,0
4142,國光生,0,25.05,0,0
4148,全宇生技-KY,0,48.05,0,0
4155,訊映,0,20.75,0,0
4164,承業醫,0,50.7,1,0
4190,佐登-KY,0,44.4,0,0
4306,炎洲,0,17.8,0,0
4414,如興,0,3.28,0,0
4426,利勤,0,10.55,0,0
4438,廣越,0,98.3,-39,0
4439,冠星-KY,0,103.5,0,0
4440,宜新實業,0,23.6,0,0
4526,東台,0,31.15,0,0
4532,瑞智,0,28.0,0,0
4536,拓凱,0,202.0,-95,-3
4540,全球傳動,0,57.5,0,0
4545,銘鈺,0,45.6,0,0
4551,智伸科,0,107.0,-20,54
4552,力達-KY,0,23.0,0,0
4555,氣立,0,40.85,0,0
4557,永新-KY,0,129.0,-352,0
4560,強信-KY,0,35.0,0,0
4562,穎漢,0,58.5,0,0
4564,元翎,0,23.2,0,0
4566,時碩工業,0,72.5,0,0
4569,六方科-KY,0,168.5,0,0
4571,鈞興-KY,0,215.5,-381,0
4572,駐龍,0,157.5,0,0
4576,大銀微系統,0,169.0,383,5
4581,光隆精密-KY,0,51.8,0,0
4583,台灣精銳,0,868.0,1042,9
4588,玖鼎電力,0,82.5,0,0
4720,德淵,0,19.3,0,0
4722,國精化,0,54.5,0,0
4736,泰博,0,143.5,-20,0
4737,華廣,0,66.2,0,0
4739,康普,0,53.7,0,0
4746,台耀,0,74.1,20,0
4755,三福化,0,122.5,0,0
4763,材料-KY,0,862.0,-576,-3
4764,雙鍵,0,46.5,0,0
4766,南寶,0,338.0,122,1
4770,上品,0,284.5,-138,0
4771,望隼,0,174.0,0,0
4807,日成-KY,0,17.7,0,0
4904,遠傳,0,90.1,889,-710
4906,正文,0,33.9,-34,0
4912,聯德控股-KY,0,134.0,358,0
4915,致伸,0,87.9,-3013,-55
4916,事欣科,0,38.3,0,0
4919,新唐,0,94.9,28,-1
4927,泰鼎-KY,0,38.15,0,0
4930,燦星網,0,30.25,0,0
4934,太極,0,12.65,0,0
4935,茂林-KY,0,56.7,-803,0
4938,和碩,0,96.5,-9372,-1053
4942,嘉彰,0,40.3,0,0
4943,康控-KY,0,18.3,0,0
4949,有成精密,0,21.9,0,0
4952,凌通,0,54.6,273,0
4956,光鋐,0,31.75,0,0
4958,臻鼎-KY,0,118.5,-2029,10
4960,誠美材,0,13.9,0,0
4961,天鈺,0,231.0,-205,-58
4967,十銓,0,78.5,0,0
4968,立積,0,204.5,1303,58
4976,佳凌,0,35.65,0,0
4977,眾達-KY,0,143.5,1468,0
4989,榮科,0,17.6,0,0
4994,傳奇,0,103.5,0,0
4999,鑫禾,0,32.15,0,0
5007,三星,0,55.0,0,0
5203,訊連,0,112.5,255,0
5215,科嘉-KY,0,43.8,0,0
5222,全訊,0,126.0,-6,-1
5225,東科-KY,0,131.5,2,0
5234,達興材料,0,190.5,-924,-56
5243,乙盛-KY,0,59.8,-1659,0
5244,弘凱,0,45.55,0,0
5258,虹堡,0,90.5,0,0
5269,祥碩,0,2230.0,23,143
5283,禾聯碩,0,103.0,0,0
5284,jpp-KY,0,154.5,-345,-1
5285,界霖,0,53.0,0,0
5288,豐祥-KY,0,201.0,2,0
5292,華懋,0,159.0,0,0
5306,桂盟,0,121.5,0,0
5388,中磊,0,132.5,-2837,-77
5434,崇越,0,288.5,267,3
5469,瀚宇博,0,55.4,7,0
5471,松翰,0,41.85,-58,-25
5484,慧友,0,53.5,0,0
5515,建國,0,28.65,0,0
5519,隆大,0,31.9,0,0
5521,工信,0,11.1,-3862,0
5522,遠雄,0,74.9,1791,296
5525,順天,0,30.5,0,0
5531,鄉林,0,10.4,0,0
5533,皇鼎,0,19.8,0,0
5534,長虹,0,85.8,262,-1
5538,東明-KY,0,34.0,0,0
5546,永固-KY,0,29.95,0,0
5607,遠雄港,0,42.7,0,0
5608,四維航,0,15.7,0,0
5706,鳳凰,0,66.8,0,0
5871,中租-KY,0,118.0,-3586,-62
5876,上海商銀,0,43.05,615,419
5880,合庫金,0,24.45,822,25
5906,台南-KY,0,,0,0
5907,大洋-KY,0,10.55,0,0
6005,群益證,0,26.15,890,-58
6024,群益期,0,58.2,-55,-64
6108,競國,0,16.7,0,0
6112,邁達特,0,73.0,437,-43
6115,鎰勝,0,51.5,0,0
6116,彩晶,0,7.92,0,0
6117,迎廣,0,86.3,0,0
6120,達運,0,12.75,0,0
6128,上福,0,34.8,0,0
6133,金橋,0,19.2,0,0
6136,富爾特,0,23.35,0,0
6139,亞翔,0,248.0,550,-20
6141,柏承,0,16.7,0,0
6142,友勁,0,11.3,0,0
6152,百一,0,13.05,0,0
6153,嘉聯益,0,14.95,0,0
6155,鈞寶,0,24.55,0,0
6164,華興,0,13.1,0,0
6165,浪凡,0,49.2,0,0
6166,凌華,0,83.4,0,0
6168,宏齊,0,22.05,0,0
6176,瑞儀,0,200.0,308,-199
6177,達麗,0,43.05,-1735,-3
6183,關貿,0,110.0,0,0
6184,大豐電,0,52.1,0,0
6189,豐藝,0,77.3,-339,-69
6191,精成科,0,75.2,2364,932
6192,巨路,0,107.0,-45,0
6196,帆宣,0,149.5,296,39
6197,佳必琪,0,143.5,2,0
6201,亞弘電,0,57.5,170,0
6202,盛群,0,47.5,-1,0
6205,詮欣,0,74.3,0,0
6206,飛捷,0,112.0,2,730
6209,今國光,0,29.45,0,0
6213,聯茂,0,72.0,0,0
6214,精誠,0,141.5,9,25
6215,和椿,0,135.5,0,0
6216,居易,0,38.85,-741,0
6224,聚鼎,0,57.1,-690,0
6225,天瀚,0,14.9,0,0
6226,光鼎,0,8.75,0,0
6230,尼得科超眾,0,170.0,0,0
6235,華孚,0,63.6,0,0
6239,力成,0,113.5,-1457,-427
6243,迅杰,0,45.7,-384,0
6257,矽格,0,71.6,671,-43
6269,台郡,0,70.2,-751,-92
6271,同欣電,0,126.5,445,0
6277,宏正,0,76.2,0,0
6278,台表科,0,106.0,-1773,-326
6281,全國電,0,80.4,-27,0
6282,康舒,0,31.2,0,0
6283,淳安,0,28.65,0,0
6285,啟碁,0,146.0,-2351,-147
6288,聯嘉,0,26.6,0,0
6405,悅城,0,31.2,0,0
6409,旭隼,0,1740.0,2,0
6412,群電,0,128.0,-495,161
6414,樺漢,0,309.0,-86,-41
6415,矽力*-KY,0,386.0,-15,-10
6416,瑞祺電通,0,121.5,0,0
6426,統新,0,81.0,0,0
6431,光麗-KY,0,15.0,0,0
6438,迅得,0,241.0,353,85
6442,光聖,0,556.0,160,24
6443,元晶,0,17.4,0,0
6446,藥華藥,0,699.0,361,1
6449,鈺邦,0,134.5,-640,0
6451,訊芯-KY,0,238.5,763,0
6456,GIS-KY,0,52.6,0,0
6464,台數科,0,77.8,0,0
6472,保瑞,0,854.0,452,-178
6477,安集,0,38.2,0,0
6491,晶碩,0,376.0,39,0
6504,南六,0,65.5,0,0
6505,台塑化,0,33.55,229,3
6515,穎崴,0,1220.0,147,-344
6525,捷敏-KY,0,71.3,1,0
6526,達發,0,684.0,764,-22
6531,愛普*,0,312.5,213,0
6533,晶心科,0,445.0,0,0
6541,泰福-KY,0,66.7,0,0
6550,北極星藥業-KY,0,49.75,0,0
6552,易華電,0,36.1,0,0
6558,興能高,0,58.5,0,0
6573,虹揚-KY,0,14.4,0,0
6579,研揚,0,128.5,0,0
6581,鋼聯,0,105.0,0,0
6582,申豐,0,56.1,0,0
6585,鼎基,0,184.5,10,0
6591,動力-KY,0,53.3,0,0
6592,和潤企業,0,80.3,2,0
6598,ABC-KY,0,24.4,0,0
6605,帝寶,0,220.0,-98,0
6606,建德工業,0,27.5,0,0
6625,必應,0,78.9,0,0
6641,基士德-KY,0,29.5,0,0
6655,科定,0,126.5,0,0
6657,華安,0,57.0,0,0
6658,聯策,0,70.7,0,0
6666,羅麗芬-KY,0,45.8,0,0
6668,中揚光,0,50.6,0,0
6669,緯穎,0,2190.0,-1321,22
6670,復盛應用,0,331.0,-51,-12
6671,三能-KY,0,43.95,0,0
6672,騰輝電子-KY,0,83.2,10,0
6674,鋐寶科技,0,24.2,0,0
6689,伊雲谷,0,125.5,3,0
6691,洋基工程,0,459.5,365,-8
6695,芯鼎,0,62.6,0,0
6698,旭暉應材,0,36.45,0,0
6706,惠特,0,101.5,406,0
6715,嘉基,0,152.5,0,0
6719,力智,0,224.0,-70,0
6742,澤米,0,73.5,0,0
6743,安普新,0,44.7,0,0
6753,龍德造船,0,110.5,-12,-2
6754,匯僑設計,0,66.0,0,0
6756,威鋒電子,0,127.0,0,0
6757,台灣虎航,0,87.6,3613,-295
6768,志強-KY,0,142.5,296,67
6770,力積電,0,17.6,-20,0
6776,展碁國際,0,58.7,0,0
6781,AES-KY,0,1080.0,773,14
6782,視陽,0,173.0,-535,0
6789,采鈺,0,319.0,18,0
6790,永豐實,0,42.4,-78,-72
6792,詠業,0,68.8,0,0
6796,晉弘,0,89.1,0,0
6799,來頡,0,113.0,0,0
6805,富世達,0,704.0,-1068,45
6806,森崴能源,0,115.0,0,0
6807,峰源-KY,0,81.1,0,0
6830,汎銓,0,148.5,-356,0
6834,天二科技,0,31.65,0,0
6835,圓裕,0,44.8,0,0
6838,台新藥,0,34.85,0,0
6861,睿生光電,0,61.6,0,0
6862,三集瑞-KY,0,158.5,0,0
6863,永道-KY,0,283.0,-326,-97
6869,雲豹能源,0,165.0,0,0
6873,泓德能源,0,212.5,126,0
6885,全福生技,0,30.0,0,0
6890,來億-KY,0,472.0,314,194
6901,鑽石投資,0,33.8,0,0
6906,現觀科,0,164.5,0,0
6914,阜爾運通,0,135.0,0,0
6916,華凌,0,23.1,0,0
6919,康霈*,0,845.0,191,0
6923,中台,0,78.7,0,0
6928,攸泰科技,0,66.0,0,0
6931,青松健康,0,75.9,0,0
6933,AMAX-KY,0,196.5,0,0
6937,天虹,0,324.0,54,0
6952,大武山,0,48.55,0,0
6957,裕慶-KY,0,196.5,35,0
6958,日盛台駿,0,24.4,0,0
6962,ITH-KY,0,60.9,0,0
6994,富威電力,0,126.5,0,0
7705,三商餐飲,0,68.8,0,0
7722,LINEPAY,0,840.0,-12,0
7732,金興精密,0,43.3,0,0
8011,台通,0,23.3,0,0
8016,矽創,0,214.0,-377,-63
8021,尖點,0,33.5,0,0
8028,昇陽半導體,0,122.5,173,0
8033,雷虎,0,66.2,0,0
8039,台虹,0,49.0,-112,0
8045,達運光電,0,137.5,0,18
8046,南電,0,136.0,1576,-81
8070,長華*,0,42.4,-387,-21
8072,陞泰,0,24.85,0,0
8081,致新,0,234.0,-184,-7
8101,華冠,0,19.0,0,0
8103,瀚荃,0,51.4,0,0
8104,錸寶,0,41.1,0,0
8105,凌巨,0,13.85,0,0
8110,華東,0,13.45,0,0
8112,至上,0,61.5,654,-99
8114,振樺電,0,316.0,-409,0
8131,福懋科,0,28.5,156,0
8150,南茂,0,31.9,-217,-126
8163,達方,0,44.25,-158,-31
8201,無敵,0,14.6,0,0
8210,勤誠,0,263.5,-163,534
8213,志超,0,34.5,-127,0
8215,明基材,0,29.6,-86,-106
8222,寶一,0,37.55,0,0
8249,菱光,0,51.3,-670,0
8261,富鼎,0,91.3,-26,-11
8271,宇瞻,0,49.6,-23,-7
8341,日友,0,83.6,0,0
8367,建新國際,0,46.7,0,0
8374,羅昇,0,120.5,233,0
8404,百和興業-KY,0,27.5,-1676,0
8411,福貞-KY,0,13.25,0,0
8422,可寧衛,0,181.5,-101,-3
8429,金麗-KY,0,10.6,0,0
8438,昶昕,0,30.6,0,0
8442,威宏-KY,0,102.5,0,0
8443,阿瘦,0,11.9,0,0
8454,富邦媒,0,350.0,-19,-5
8462,柏文,0,111.5,0,0
8463,潤泰材,0,24.2,0,0
8464,億豐,0,437.5,583,-222
8466,美吉吉-KY,0,43.95,0,0
8467,波力-KY,0,242.5,-777,0
8473,山林水,0,38.05,0,0
8476,台境*,0,26.55,0,0
8478,東哥遊艇,0,197.0,0,0
8481,政伸,0,50.1,0,0
8482,商億-KY,0,118.0,0,0
8488,吉源-KY,0,,0,0
8499,鼎炫-KY,0,127.0,0,0
8926,台汽電,0,41.9,3,0
8940,新天地,0,26.0,0,0
8996,高力,0,306.0,-1134,0
9802,鈺齊-KY,0,139.5,2757,-181
9902,台火,0,15.65,0,0
9904,寶成,0,37.3,-1364,-207
9905,大華,0,23.25,0,0
9906,欣巴巴,0,102.5,39,-1
9907,統一實,0,15.15,0,0
9908,大台北,0,30.55,0,0
9910,豐泰,0,127.0,-341,-2
9911,櫻花,0,83.9,3,0
9912,偉聯,0,12.25,0,0
9914,美利達,0,163.0,0,0
9917,中保科,0,123.5,174,42
9918,欣天然,0,39.65,0,0
9919,康那香,0,19.95,0,0
9921,巨大,0,147.5,0,120
9924,福興,0,51.5,-235,-67
9925,新保,0,40.95,-82,0
9926,新海,0,52.1,0,0
9927,泰銘,0,67.2,-82,0
9928,中視,0,16.85,0,0
9929,秋雨,0,16.0,0,0
9930,中聯資源,0,67.5,1,0
9931,欣高,0,34.05,0,0
9933,中鼎,0,40.45,-5222,-798
9934,成霖,0,14.0,0,0
9935,慶豐富,0,35.0,-1605,0
9937,全國,0,63.5,0,0
9938,百和,0,73.6,-1537,847
9939,宏全,0,159.5,222,-290
9940,信義,0,28.25,-18,-5
9941,裕融,0,118.0,166,-3
9942,茂順,0,116.5,1,0
9943,好樂迪,0,77.8,0,0
9944,新麗,0,20.4,0,0
9945,潤泰新,0,42.0,-1,0
9946,三發地產,0,21.6,0,0
9955,佳龍,0,32.85,0,0
9958,世紀鋼,0,162.0,0,0
